species,genus,family,subfamily,tribe
Aglaoapis tridentata,Aglaoapis,Megachilidae,Megachilinae,Dioxyini
Amegilla albigena,Amegilla,Apidae,Anthophorinae,
Amegilla garrula,Amegilla,Apidae,Anthophorinae,
Amegilla magnilabris,Amegilla,Apidae,Anthophorinae,
Amegilla quadrifasciata,Amegilla,Apidae,Anthophorinae,
Ammobates punctatus,Ammobates,Apidae,Nomadinae,Ammobatini
Ammobatoides scriptus,Ammobatoides,Apidae,Nomadinae,Ammobatoidini
Andrena aeneiventris,Andrena,Andrenidae,Andreninae,
Andrena afrensis,Andrena,Andrenidae,Andreninae,
Andrena agilissima,Andrena,Andrenidae,Andreninae,
Andrena albopunctata,Andrena,Andrenidae,Andreninae,
Andrena allosa,Andrena,Andrenidae,Andreninae,
Andrena ampla,Andrena,Andrenidae,Andreninae,
Andrena angustior,Andrena,Andrenidae,Andreninae,
Andrena apicata,Andrena,Andrenidae,Andreninae,
Andrena argentata,Andrena,Andrenidae,Andreninae,
Andrena asperrima,Andrena,Andrenidae,Andreninae,
Andrena assimilis,Andrena,Andrenidae,Andreninae,
Andrena barbilabris,Andrena,Andrenidae,Andreninae,
Andrena batava,Andrena,Andrenidae,Andreninae,
Andrena bicolor,Andrena,Andrenidae,Andreninae,
Andrena bicolorata,Andrena,Andrenidae,Andreninae,
Andrena bimaculata,Andrena,Andrenidae,Andreninae,
Andrena bimaculata,Andrena,Andrenidae,Andreninae,
Andrena binominata,Andrena,Andrenidae,Andreninae,
Andrena bucephala,Andrena,Andrenidae,Andreninae,
Andrena carantonica,Andrena,Andrenidae,Andreninae,
Andrena chrysosceles,Andrena,Andrenidae,Andreninae,
Andrena cineraria,Andrena,Andrenidae,Andreninae,
Andrena cinerea,Andrena,Andrenidae,Andreninae,
Andrena clarkella,Andrena,Andrenidae,Andreninae,
Andrena coitana,Andrena,Andrenidae,Andreninae,
Andrena colletiformis,Andrena,Andrenidae,Andreninae,
Andrena combinata,Andrena,Andrenidae,Andreninae,
Andrena confinis,Andrena,Andrenidae,Andreninae,
Andrena congruens,Andrena,Andrenidae,Andreninae,
Andrena curvungula,Andrena,Andrenidae,Andreninae,
Andrena decipiens,Andrena,Andrenidae,Andreninae,
Andrena denticulata,Andrena,Andrenidae,Andreninae,
Andrena distinguenda,Andrena,Andrenidae,Andreninae,
Andrena dorsata,Andrena,Andrenidae,Andreninae,
Andrena erythrocnemis,Andrena,Andrenidae,Andreninae,
Andrena espanola,Andrena,Andrenidae,Andreninae,
Andrena fabrella,Andrena,Andrenidae,Andreninae,
Andrena falsifica,Andrena,Andrenidae,Andreninae,
Andrena farinosa,Andrena,Andrenidae,Andreninae,
Andrena ferox,Andrena,Andrenidae,Andreninae,
Andrena flavilabris,Andrena,Andrenidae,Andreninae,
Andrena flavipes,Andrena,Andrenidae,Andreninae,
Andrena florea,Andrena,Andrenidae,Andreninae,
Andrena florentina,Andrena,Andrenidae,Andreninae,
Andrena freygessneri,Andrena,Andrenidae,Andreninae,
Andrena fucata,Andrena,Andrenidae,Andreninae,
Andrena fulva,Andrena,Andrenidae,Andreninae,
Andrena fulva,Andrena,Andrenidae,Andreninae,
Andrena fulvago,Andrena,Andrenidae,Andreninae,
Andrena fuscipes,Andrena,Andrenidae,Andreninae,
Andrena fuscosa,Andrena,Andrenidae,Andreninae,
Andrena gallica,Andrena,Andrenidae,Andreninae,
Andrena granulosa,Andrena,Andrenidae,Andreninae,
Andrena gravida,Andrena,Andrenidae,Andreninae,
Andrena haemorrhoa,Andrena,Andrenidae,Andreninae,
Andrena hattorfiana,Andrena,Andrenidae,Andreninae,
Andrena hedikae,Andrena,Andrenidae,Andreninae,
Andrena helvola,Andrena,Andrenidae,Andreninae,
Andrena hesperia,Andrena,Andrenidae,Andreninae,
Andrena hispania,Andrena,Andrenidae,Andreninae,
Andrena humilis,Andrena,Andrenidae,Andreninae,
Andrena labialis,Andrena,Andrenidae,Andreninae,
Andrena labiata,Andrena,Andrenidae,Andreninae,
Andrena lagopus,Andrena,Andrenidae,Andreninae,
Andrena lapponica,Andrena,Andrenidae,Andreninae,
Andrena lathyri,Andrena,Andrenidae,Andreninae,
Andrena leucolippa,Andrena,Andrenidae,Andreninae,
Andrena limata,Andrena,Andrenidae,Andreninae,
Andrena limbata,Andrena,Andrenidae,Andreninae,
Andrena limbata dusmeti,Andrena,Andrenidae,Andreninae,
Andrena livens,Andrena,Andrenidae,Andreninae,
Andrena marginata,Andrena,Andrenidae,Andreninae,
Andrena minutula,Andrena,Andrenidae,Andreninae,
Andrena minutuloides,Andrena,Andrenidae,Andreninae,
Andrena mitis,Andrena,Andrenidae,Andreninae,
Andrena morio,Andrena,Andrenidae,Andreninae,
Andrena nana,Andrena,Andrenidae,Andreninae,
Andrena nigriceps,Andrena,Andrenidae,Andreninae,
Andrena nigroaenea,Andrena,Andrenidae,Andreninae,
Andrena nigroolivacea,Andrena,Andrenidae,Andreninae,
Andrena nigrospina,Andrena,Andrenidae,Andreninae,
Andrena nitida,Andrena,Andrenidae,Andreninae,
Andrena nitidiuscula,Andrena,Andrenidae,Andreninae,
Andrena nitidula,Andrena,Andrenidae,Andreninae,
Andrena niveata,Andrena,Andrenidae,Andreninae,
Andrena nuptialis,Andrena,Andrenidae,Andreninae,
Andrena nycthemera,Andrena,Andrenidae,Andreninae,
Andrena ovatula,Andrena,Andrenidae,Andreninae,
Andrena pallitarsis,Andrena,Andrenidae,Andreninae,
Andrena pandellei,Andrena,Andrenidae,Andreninae,
Andrena paucisquama,Andrena,Andrenidae,Andreninae,
Andrena pellucens,Andrena,Andrenidae,Andreninae,
Andrena pilipes,Andrena,Andrenidae,Andreninae,
Andrena polita,Andrena,Andrenidae,Andreninae,
Andrena potentillae,Andrena,Andrenidae,Andreninae,
Andrena praecox,Andrena,Andrenidae,Andreninae,
Andrena propinqua,Andrena,Andrenidae,Andreninae,
Andrena proxima,Andrena,Andrenidae,Andreninae,
Andrena ranunculi,Andrena,Andrenidae,Andreninae,
Andrena rhenana,Andrena,Andrenidae,Andreninae,
Andrena rogenhoferi,Andrena,Andrenidae,Andreninae,
Andrena rosae,Andrena,Andrenidae,Andreninae,
Andrena rosae,Andrena,Andrenidae,Andreninae,
Andrena ruficrus,Andrena,Andrenidae,Andreninae,
Andrena rufula,Andrena,Andrenidae,Andreninae,
Andrena sardoa,Andrena,Andrenidae,Andreninae,
Andrena saxonica,Andrena,Andrenidae,Andreninae,
Andrena schencki,Andrena,Andrenidae,Andreninae,
Andrena semilaevis,Andrena,Andrenidae,Andreninae,
Andrena similis,Andrena,Andrenidae,Andreninae,
Andrena simillima,Andrena,Andrenidae,Andreninae,
Andrena simontornyella,Andrena,Andrenidae,Andreninae,
Andrena solenopalpa,Andrena,Andrenidae,Andreninae,
Andrena strohmella,Andrena,Andrenidae,Andreninae,
Andrena subopaca,Andrena,Andrenidae,Andreninae,
Andrena suerinensis,Andrena,Andrenidae,Andreninae,
Andrena symphyti,Andrena,Andrenidae,Andreninae,
Andrena synadelpha,Andrena,Andrenidae,Andreninae,
Andrena tarsata,Andrena,Andrenidae,Andreninae,
Andrena tenuistriata,Andrena,Andrenidae,Andreninae,
Andrena thoracica,Andrena,Andrenidae,Andreninae,
Andrena tibialis,Andrena,Andrenidae,Andreninae,
Andrena trimmerana,Andrena,Andrenidae,Andreninae,
Andrena tscheki,Andrena,Andrenidae,Andreninae,
Andrena vaga,Andrena,Andrenidae,Andreninae,
Andrena variabilis,Andrena,Andrenidae,Andreninae,
Andrena varians,Andrena,Andrenidae,Andreninae,
Andrena ventralis,Andrena,Andrenidae,Andreninae,
Andrena ventricosa,Andrena,Andrenidae,Andreninae,
Andrena vetula,Andrena,Andrenidae,Andreninae,
Andrena villipes,Andrena,Andrenidae,Andreninae,
Andrena viridescens,Andrena,Andrenidae,Andreninae,
Andrena vulpecula,Andrena,Andrenidae,Andreninae,
Andrena wilkella,Andrena,Andrenidae,Andreninae,
Anthidiellum strigatum,Anthidiellum,Megachilidae,Megachilinae,Anthidiini
Anthidium cingulatum,Anthidium,Megachilidae,Megachilinae,Anthidiini
Anthidium diadema,Anthidium,Megachilidae,Megachilinae,Anthidiini
Anthidium florentinum,Anthidium,Megachilidae,Megachilinae,Anthidiini
Anthidium loti,Anthidium,Megachilidae,Megachilinae,Anthidiini
Anthidium manicatum,Anthidium,Megachilidae,Megachilinae,Anthidiini
Anthidium montanum,Anthidium,Megachilidae,Megachilinae,Anthidiini
Anthidium oblongatum,Anthidium,Megachilidae,Megachilinae,Anthidiini
Anthidium punctatum,Anthidium,Megachilidae,Megachilinae,Anthidiini
Anthidium septemspinosum,Anthidium,Megachilidae,Megachilinae,Anthidiini
Anthidium taeniatum,Anthidium,Megachilidae,Megachilinae,Anthidiini
Anthophora aestivalis,Anthophora,Apidae,Anthophorinae,
Anthophora aestivalis,Anthophora,Apidae,Anthophorinae,
Anthophora affinis,Anthophora,Apidae,Anthophorinae,
Anthophora agama,Anthophora,Apidae,Anthophorinae,
Anthophora atriceps,Anthophora,Apidae,Anthophorinae,
Anthophora atroalba,Anthophora,Apidae,Anthophorinae,
Anthophora balneorum,Anthophora,Apidae,Anthophorinae,
Anthophora bimaculata,Anthophora,Apidae,Anthophorinae,
Anthophora canescens,Anthophora,Apidae,Anthophorinae,
Anthophora crassipes,Anthophora,Apidae,Anthophorinae,
Anthophora crinipes,Anthophora,Apidae,Anthophorinae,
Anthophora dispar,Anthophora,Apidae,Anthophorinae,
Anthophora femorata,Anthophora,Apidae,Anthophorinae,
Anthophora fulvitarsis,Anthophora,Apidae,Anthophorinae,
Anthophora fulvodimidiata,Anthophora,Apidae,Anthophorinae,
Anthophora furcata,Anthophora,Apidae,Anthophorinae,
Anthophora gallica,Anthophora,Apidae,Anthophorinae,
Anthophora larvata,Anthophora,Apidae,Anthophorinae,
Anthophora leucophaea,Anthophora,Apidae,Anthophorinae,
Anthophora mucida,Anthophora,Apidae,Anthophorinae,
Anthophora nigrovittata,Anthophora,Apidae,Anthophorinae,
Anthophora plumipes,Anthophora,Apidae,Anthophorinae,
Anthophora pubescens,Anthophora,Apidae,Anthophorinae,
Anthophora quadrimaculata,Anthophora,Apidae,Anthophorinae,
Anthophora retusa,Anthophora,Apidae,Anthophorinae,
Anthophora retusa retusa,Anthophora,Apidae,Anthophorinae,
Anthophora salviae,Anthophora,Apidae,Anthophorinae,
Apis mellifera,Apis,Apidae,Apinae,Apini
Apis mellifera carnica,Apis,Apidae,Apinae,Apini
Apis mellifera ligustica,Apis,Apidae,Apinae,Apini
Apis mellifera mellifera,Apis,Apidae,Apinae,Apini
Biastes brevicornis,Biastes,Apidae,Nomadinae,Biastini
Biastes emarginatus,Biastes,Apidae,Nomadinae,Biastini
Bombus alpinus,Bombus,Apidae,Apinae,Bombini
Bombus argillaceus,Bombus,Apidae,Apinae,Bombini
Bombus barbutellus,Bombus,Apidae,Apinae,Bombini
Bombus bohemicus,Bombus,Apidae,Apinae,Bombini
Bombus brodmannicus,Bombus,Apidae,Apinae,Bombini
Bombus campestris,Bombus,Apidae,Apinae,Bombini
Bombus confusus,Bombus,Apidae,Apinae,Bombini
Bombus cryptarum,Bombus,Apidae,Apinae,Bombini
Bombus cullumanus,Bombus,Apidae,Apinae,Bombini
Bombus distinguendus,Bombus,Apidae,Apinae,Bombini
Bombus flavidus,Bombus,Apidae,Apinae,Bombini
Bombus gerstaeckeri,Bombus,Apidae,Apinae,Bombini
Bombus hortorum,Bombus,Apidae,Apinae,Bombini
Bombus humilis,Bombus,Apidae,Apinae,Bombini
Bombus hypnorum,Bombus,Apidae,Apinae,Bombini
Bombus inexspectatus,Bombus,Apidae,Apinae,Bombini
Bombus jonellus,Bombus,Apidae,Apinae,Bombini
Bombus laesus mocsaryi,Bombus,Apidae,Apinae,Bombini
Bombus lapidarius,Bombus,Apidae,Apinae,Bombini
Bombus lucorum,Bombus,Apidae,Apinae,Bombini
Bombus magnus,Bombus,Apidae,Apinae,Bombini
Bombus mendax,Bombus,Apidae,Apinae,Bombini
Bombus mesomelas,Bombus,Apidae,Apinae,Bombini
Bombus monticola,Bombus,Apidae,Apinae,Bombini
Bombus mucidus,Bombus,Apidae,Apinae,Bombini
Bombus muscorum,Bombus,Apidae,Apinae,Bombini
Bombus norvegicus,Bombus,Apidae,Apinae,Bombini
Bombus pascuorum,Bombus,Apidae,Apinae,Bombini
Bombus pascuorum floralis,Bombus,Apidae,Apinae,Bombini
Bombus pascuorum intermedius,Bombus,Apidae,Apinae,Bombini
Bombus pascuorum melleofacies,Bombus,Apidae,Apinae,Bombini
Bombus perezi,Bombus,Apidae,Apinae,Bombini
Bombus pomorum,Bombus,Apidae,Apinae,Bombini
Bombus pratorum,Bombus,Apidae,Apinae,Bombini
Bombus pyrenaeus,Bombus,Apidae,Apinae,Bombini
Bombus quadricolor,Bombus,Apidae,Apinae,Bombini
Bombus renardi,Bombus,Apidae,Apinae,Bombini
Bombus ruderarius,Bombus,Apidae,Apinae,Bombini
Bombus ruderatus,Bombus,Apidae,Apinae,Bombini
Bombus ruderatus corsicola,Bombus,Apidae,Apinae,Bombini
Bombus rupestris,Bombus,Apidae,Apinae,Bombini
Bombus sichelii,Bombus,Apidae,Apinae,Bombini
Bombus soroeensis,Bombus,Apidae,Apinae,Bombini
Bombus soroeensis proteus,Bombus,Apidae,Apinae,Bombini
Bombus soroeensis soroeensis,Bombus,Apidae,Apinae,Bombini
Bombus subterraneus,Bombus,Apidae,Apinae,Bombini
Bombus sylvarum,Bombus,Apidae,Apinae,Bombini
Bombus sylvestris,Bombus,Apidae,Apinae,Bombini
Bombus terrestris,Bombus,Apidae,Apinae,Bombini
Bombus terrestris dalmatinus,Bombus,Apidae,Apinae,Bombini
Bombus terrestris lusitanicus,Bombus,Apidae,Apinae,Bombini
Bombus terrestris sassaricus,Bombus,Apidae,Apinae,Bombini
Bombus terrestris terrestris,Bombus,Apidae,Apinae,Bombini
Bombus terrestris xanthopus,Bombus,Apidae,Apinae,Bombini
Bombus vestalis,Bombus,Apidae,Apinae,Bombini
Bombus veteranus,Bombus,Apidae,Apinae,Bombini
Bombus wurflenii,Bombus,Apidae,Apinae,Bombini
Bombus xanthopus,Bombus,Apidae,Apinae,Bombini
Camptopoeum nasutum,Camptopoeum,Andrenidae,Panurginae,Panurgini
Ceratina chalcites,Ceratina,Apidae,Xylocopinae,Ceratinini
Ceratina chalcites,Ceratina,Apidae,Xylocopinae,Ceratinini
Ceratina chalybea,Ceratina,Apidae,Xylocopinae,Ceratinini
Ceratina cucurbitina,Ceratina,Apidae,Xylocopinae,Ceratinini
Ceratina cyanea,Ceratina,Apidae,Xylocopinae,Ceratinini
Ceratina dallatorreana,Ceratina,Apidae,Xylocopinae,Ceratinini
Ceratina parvula,Ceratina,Apidae,Xylocopinae,Ceratinini
Ceylalictus variegatus,Ceylalictus,Halictidae,Nomioidinae,
Chelostoma campanularum,Chelostoma,Megachilidae,Megachilinae,Osmiini
Chelostoma distinctum,Chelostoma,Megachilidae,Megachilinae,Osmiini
Chelostoma emarginatum,Chelostoma,Megachilidae,Megachilinae,Osmiini
Chelostoma florisomne,Chelostoma,Megachilidae,Megachilinae,Osmiini
Chelostoma foveolatum,Chelostoma,Megachilidae,Megachilinae,Osmiini
Chelostoma grande,Chelostoma,Megachilidae,Megachilinae,Osmiini
Chelostoma rapunculi,Chelostoma,Megachilidae,Megachilinae,Osmiini
Coelioxys acanthura,Coelioxys,Megachilidae,Megachilinae,Megachilini
Coelioxys afra,Coelioxys,Megachilidae,Megachilinae,Megachilini
Coelioxys alatus,Coelioxys,Megachilidae,Megachilinae,Megachilini
Coelioxys argentea,Coelioxys,Megachilidae,Megachilinae,Megachilini
Coelioxys argenteus,Coelioxys,Megachilidae,Megachilinae,Megachilini
Coelioxys aurolimbata,Coelioxys,Megachilidae,Megachilinae,Megachilini
Coelioxys aurolimbatus,Coelioxys,Megachilidae,Megachilinae,Megachilini
Coelioxys brevis,Coelioxys,Megachilidae,Megachilinae,Megachilini
Coelioxys caudata,Coelioxys,Megachilidae,Megachilinae,Megachilini
Coelioxys conoidea,Coelioxys,Megachilidae,Megachilinae,Megachilini
Coelioxys conoideus,Coelioxys,Megachilidae,Megachilinae,Megachilini
Coelioxys echinata,Coelioxys,Megachilidae,Megachilinae,Megachilini
Coelioxys echinatus,Coelioxys,Megachilidae,Megachilinae,Megachilini
Coelioxys elongata,Coelioxys,Megachilidae,Megachilinae,Megachilini
Coelioxys elongatus,Coelioxys,Megachilidae,Megachilinae,Megachilini
Coelioxys haemorrhoa,Coelioxys,Megachilidae,Megachilinae,Megachilini
Coelioxys inermis,Coelioxys,Megachilidae,Megachilinae,Megachilini
Coelioxys mandibularis,Coelioxys,Megachilidae,Megachilinae,Megachilini
Coelioxys obtusa,Coelioxys,Megachilidae,Megachilinae,Megachilini
Coelioxys polycentris,Coelioxys,Megachilidae,Megachilinae,Megachilini
Coelioxys quadridentata,Coelioxys,Megachilidae,Megachilinae,Megachilini
Colletes abeillei,Colletes,Colletidae,Colletinae,Colletini
Colletes cunicularius,Colletes,Colletidae,Colletinae,Colletini
Colletes daviesanus,Colletes,Colletidae,Colletinae,Colletini
Colletes floralis,Colletes,Colletidae,Colletinae,Colletini
Colletes fodiens,Colletes,Colletidae,Colletinae,Colletini
Colletes foveolaris,Colletes,Colletidae,Colletinae,Colletini
Colletes gallicus,Colletes,Colletidae,Colletinae,Colletini
Colletes halophilus,Colletes,Colletidae,Colletinae,Colletini
Colletes hederae,Colletes,Colletidae,Colletinae,Colletini
Colletes hylaeiformis,Colletes,Colletidae,Colletinae,Colletini
Colletes impunctatus,Colletes,Colletidae,Colletinae,Colletini
Colletes marginatus,Colletes,Colletidae,Colletinae,Colletini
Colletes mlokossewiczi,Colletes,Colletidae,Colletinae,Colletini
Colletes nigricans,Colletes,Colletidae,Colletinae,Colletini
Colletes pulchellus,Colletes,Colletidae,Colletinae,Colletini
Colletes similis,Colletes,Colletidae,Colletinae,Colletini
Colletes succinctus,Colletes,Colletidae,Colletinae,Colletini
Creightonella albisecta,Creightonella,Megachilidae,Megachilinae,Megachilini
Dasypoda argentata,Dasypoda,Melittidae,Dasypodainae,
Dasypoda cingulata,Dasypoda,Melittidae,Dasypodainae,
Dasypoda crassicornis,Dasypoda,Melittidae,Dasypodainae,
Dasypoda hirtipes,Dasypoda,Melittidae,Dasypodainae,
Dasypoda visnaga,Dasypoda,Melittidae,Dasypodainae,
Dioxys cincta,Dioxys,Megachilidae,Megachilinae,Dioxyini
Dioxys cinctus,Dioxys,Megachilidae,Megachilinae,Dioxyini
Dufourea alpina,Dufourea,Halictidae,Rophitinae,
Dufourea paradoxa,Dufourea,Halictidae,Rophitinae,
Epeoloides coecutiens,Epeoloides,Apidae,Nomadinae,Osirini
Epeolus cruciger,Epeolus,Apidae,Nomadinae,Epeolini
Epeolus fallax,Epeolus,Apidae,Nomadinae,Epeolini
Epeolus julliani,Epeolus,Apidae,Nomadinae,Epeolini
Epeolus tarsalis,Epeolus,Apidae,Nomadinae,Epeolini
Epeolus variegatus,Epeolus,Apidae,Nomadinae,Epeolini
Epeolus variegatus,Epeolus,Apidae,Nomadinae,Epeolini
Eucera caspica,Eucera,Apidae,Eucerinae,Eucerini
Eucera chrysopyga,Eucera,Apidae,Eucerinae,Eucerini
Eucera cineraria,Eucera,Apidae,Eucerinae,Eucerini
Eucera clypeata,Eucera,Apidae,Eucerinae,Eucerini
Eucera collaris,Eucera,Apidae,Eucerinae,Eucerini
Eucera elongatula,Eucera,Apidae,Eucerinae,Eucerini
Eucera hispana,Eucera,Apidae,Eucerinae,Eucerini
Eucera longicornis,Eucera,Apidae,Eucerinae,Eucerini
Eucera longicornis nigrescens,Eucera,Apidae,Eucerinae,Eucerini
Eucera nigrescens,Eucera,Apidae,Eucerinae,Eucerini
Eucera nigrifacies,Eucera,Apidae,Eucerinae,Eucerini
Eucera nigrilabris,Eucera,Apidae,Eucerinae,Eucerini
Eucera pollinosa,Eucera,Apidae,Eucerinae,Eucerini
Eucera taurica,Eucera,Apidae,Eucerinae,Eucerini
Eucera tricincta,Eucera,Apidae,Eucerinae,Eucerini
Habropoda tarsata,Habropoda,Apidae,Anthophorinae,
Habropoda zonatula,Habropoda,Apidae,Anthophorinae,
Halictus brunnescens,Halictus,Halictidae,Halictinae,Halictini
Halictus cochlearitarsis,Halictus,Halictidae,Halictinae,Halictini
Halictus compressus,Halictus,Halictidae,Halictinae,Halictini
Halictus crenicornis,Halictus,Halictidae,Halictinae,Halictini
Halictus fulvipes,Halictus,Halictidae,Halictinae,Halictini
Halictus langobardicus,Halictus,Halictidae,Halictinae,Halictini
Halictus maculatus,Halictus,Halictidae,Halictinae,Halictini
Halictus patellatus,Halictus,Halictidae,Halictinae,Halictini
Halictus quadricinctus,Halictus,Halictidae,Halictinae,Halictini
Halictus rubicundus,Halictus,Halictidae,Halictinae,Halictini
Halictus scabiosae,Halictus,Halictidae,Halictinae,Halictini
Halictus sexcinctus,Halictus,Halictidae,Halictinae,Halictini
Halictus simplex,Halictus,Halictidae,Halictinae,Halictini
Halictus tetrazonius,Halictus,Halictidae,Halictinae,Halictini
Heriades crenulata,Heriades,Megachilidae,Megachilinae,Osmiini
Heriades crenulatus,Heriades,Megachilidae,Megachilinae,Osmiini
Heriades truncorum,Heriades,Megachilidae,Megachilinae,Osmiini
Hoplitis acuticornis,Hoplitis,Megachilidae,Megachilinae,Osmiini
Hoplitis adunca,Hoplitis,Megachilidae,Megachilinae,Osmiini
Hoplitis benoisti,Hoplitis,Megachilidae,Megachilinae,Osmiini
Hoplitis bisulca,Hoplitis,Megachilidae,Megachilinae,Osmiini
Hoplitis claviventris,Hoplitis,Megachilidae,Megachilinae,Osmiini
Hoplitis cristatula,Hoplitis,Megachilidae,Megachilinae,Osmiini
Hoplitis dalmatica,Hoplitis,Megachilidae,Megachilinae,Osmiini
Hoplitis jakovlevi,Hoplitis,Megachilidae,Megachilinae,Osmiini
Hoplitis leucomelana,Hoplitis,Megachilidae,Megachilinae,Osmiini
Hoplitis lithodorae,Hoplitis,Megachilidae,Megachilinae,Osmiini
Hoplitis mocsaryi,Hoplitis,Megachilidae,Megachilinae,Osmiini
Hoplitis papaveris,Hoplitis,Megachilidae,Megachilinae,Osmiini
Hoplitis perezi,Hoplitis,Megachilidae,Megachilinae,Osmiini
Hoplitis ravouxi,Hoplitis,Megachilidae,Megachilinae,Osmiini
Hoplitis tridentata,Hoplitis,Megachilidae,Megachilinae,Osmiini
Hylaeus annularis,Hylaeus,Colletidae,Hylaeinae,
Hylaeus annulatus,Hylaeus,Colletidae,Hylaeinae,
Hylaeus brachycephalus,Hylaeus,Colletidae,Hylaeinae,
Hylaeus brevicornis,Hylaeus,Colletidae,Hylaeinae,
Hylaeus clypearis,Hylaeus,Halictidae,Halictinae,Halictini
Hylaeus clypearis,Hylaeus,Colletidae,Hylaeinae,
Hylaeus communis,Hylaeus,Colletidae,Hylaeinae,
Hylaeus confusus,Hylaeus,Colletidae,Hylaeinae,
Hylaeus coriaceus,Hylaeus,Colletidae,Hylaeinae,
Hylaeus cornutus,Hylaeus,Colletidae,Hylaeinae,
Hylaeus cornutus,Hylaeus,Colletidae,Hylaeinae,
Hylaeus difformis,Hylaeus,Colletidae,Hylaeinae,
Hylaeus dilatatus,Hylaeus,Colletidae,Hylaeinae,
Hylaeus duckei,Hylaeus,Colletidae,Hylaeinae,
Hylaeus gibbus,Hylaeus,Colletidae,Hylaeinae,
Hylaeus gredleri,Hylaeus,Colletidae,Hylaeinae,
Hylaeus hyalinatus,Hylaeus,Colletidae,Hylaeinae,
Hylaeus incongruus,Hylaeus,Colletidae,Hylaeinae,
Hylaeus leptocephalus,Hylaeus,Colletidae,Hylaeinae,
Hylaeus lineolatus,Hylaeus,Colletidae,Hylaeinae,
Hylaeus meridionalis,Hylaeus,Colletidae,Hylaeinae,
Hylaeus nigritus,Hylaeus,Colletidae,Hylaeinae,
Hylaeus pectoralis,Hylaeus,Colletidae,Hylaeinae,
Hylaeus pictipes,Hylaeus,Colletidae,Hylaeinae,
Hylaeus pictus,Hylaeus,Colletidae,Hylaeinae,
Hylaeus punctatus,Hylaeus,Colletidae,Hylaeinae,
Hylaeus punctulatissimus,Hylaeus,Colletidae,Hylaeinae,
Hylaeus rinki,Hylaeus,Colletidae,Hylaeinae,
Hylaeus signatus,Hylaeus,Colletidae,Hylaeinae,
Hylaeus sinuatus,Hylaeus,Colletidae,Hylaeinae,
Hylaeus styriacus,Hylaeus,Colletidae,Hylaeinae,
Hylaeus sulphuripes,Hylaeus,Colletidae,Hylaeinae,
Hylaeus variegatus,Hylaeus,Colletidae,Hylaeinae,
Icteranthidium grohmanni,Icteranthidium,Megachilidae,Megachilinae,Anthidiini
Icteranthidium laterale,Icteranthidium,Megachilidae,Megachilinae,Anthidiini
Lasioglossum albipes,Lasioglossum,Halictidae,Halictinae,Halictini
Lasioglossum albocinctum,Lasioglossum,Halictidae,Halictinae,Halictini
Lasioglossum bimaculatum,Lasioglossum,Halictidae,Halictinae,Halictini
Lasioglossum bluethgeni,Lasioglossum,Halictidae,Halictinae,Halictini
Lasioglossum buccale,Lasioglossum,Halictidae,Halictinae,Halictini
Lasioglossum calceatum,Lasioglossum,Halictidae,Halictinae,Halictini
Lasioglossum clypeare,Lasioglossum,Halictidae,Halictinae,Halictini
Lasioglossum corvinum,Lasioglossum,Halictidae,Halictinae,Halictini
Lasioglossum costulatum,Lasioglossum,Halictidae,Halictinae,Halictini
Lasioglossum cupromicans,Lasioglossum,Halictidae,Halictinae,Halictini
Lasioglossum discum,Lasioglossum,Halictidae,Halictinae,Halictini
Lasioglossum discus,Lasioglossum,Halictidae,Halictinae,Halictini
Lasioglossum euboeense,Lasioglossum,Halictidae,Halictinae,Halictini
Lasioglossum fulvicorne,Lasioglossum,Halictidae,Halictinae,Halictini
Lasioglossum glabriusculum,Lasioglossum,Halictidae,Halictinae,Halictini
Lasioglossum interruptum,Lasioglossum,Halictidae,Halictinae,Halictini
Lasioglossum laevigatum,Lasioglossum,Halictidae,Halictinae,Halictini
Lasioglossum laticeps,Lasioglossum,Halictidae,Halictinae,Halictini
Lasioglossum lativentre,Lasioglossum,Halictidae,Halictinae,Halictini
Lasioglossum leucopus,Lasioglossum,Halictidae,Halictinae,Halictini
Lasioglossum leucozonium,Lasioglossum,Halictidae,Halictinae,Halictini
Lasioglossum majus,Lasioglossum,Halictidae,Halictinae,Halictini
Lasioglossum malachurum,Lasioglossum,Halictidae,Halictinae,Halictini
Lasioglossum marginatum,Lasioglossum,Halictidae,Halictinae,Halictini
Lasioglossum mediterraneum,Lasioglossum,Halictidae,Halictinae,Halictini
Lasioglossum minutulum,Lasioglossum,Halictidae,Halictinae,Halictini
Lasioglossum morio,Lasioglossum,Halictidae,Halictinae,Halictini
Lasioglossum nigripes,Lasioglossum,Halictidae,Halictinae,Halictini
Lasioglossum nitidulum,Lasioglossum,Halictidae,Halictinae,Halictini
Lasioglossum pallens,Lasioglossum,Halictidae,Halictinae,Halictini
Lasioglossum pauperatum,Lasioglossum,Halictidae,Halictinae,Halictini
Lasioglossum pauxillum,Lasioglossum,Halictidae,Halictinae,Halictini
Lasioglossum politum,Lasioglossum,Halictidae,Halictinae,Halictini
Lasioglossum prasinum,Lasioglossum,Halictidae,Halictinae,Halictini
Lasioglossum punctatissimum,Lasioglossum,Halictidae,Halictinae,Halictini
Lasioglossum pygmaeum,Lasioglossum,Halictidae,Halictinae,Halictini
Lasioglossum rufitarse,Lasioglossum,Halictidae,Halictinae,Halictini
Lasioglossum sexnotatum,Lasioglossum,Halictidae,Halictinae,Halictini
Lasioglossum sexstrigatum,Lasioglossum,Halictidae,Halictinae,Halictini
Lasioglossum villosulum,Lasioglossum,Halictidae,Halictinae,Halictini
Lasioglossum xanthopus,Lasioglossum,Halictidae,Halictinae,Halictini
Lasioglossum zonulum,Lasioglossum,Halictidae,Halictinae,Halictini
Lithurgus chrysurus,Lithurgus,Megachilidae,Lithurginae,
Lithurgus cornutus,Lithurgus,Megachilidae,Lithurginae,
Macropis europaea,Macropis,Melittidae,Melittinae,
Macropis fulvipes,Macropis,Melittidae,Melittinae,
Megachile albisecta,Megachile,Megachilidae,Megachilinae,Megachilini
Megachile albisecta,Megachile,Megachilidae,Megachilinae,Megachilini
Megachile albocristata,Megachile,Megachilidae,Megachilinae,Megachilini
Megachile analis,Megachile,Megachilidae,Megachilinae,Megachilini
Megachile apicalis,Megachile,Megachilidae,Megachilinae,Megachilini
Megachile apicalis,Megachile,Megachilidae,Megachilinae,Megachilini
Megachile centuncularis,Megachile,Megachilidae,Megachilinae,Megachilini
Megachile circumcincta,Megachile,Megachilidae,Megachilinae,Megachilini
Megachile deceptoria,Megachile,Megachilidae,Megachilinae,Megachilini
Megachile ericetorum,Megachile,Megachilidae,Megachilinae,Megachilini
Megachile genalis,Megachile,Megachilidae,Megachilinae,Megachilini
Megachile lagopoda,Megachile,Megachilidae,Megachilinae,Megachilini
Megachile lapponica,Megachile,Megachilidae,Megachilinae,Megachilini
Megachile leachella,Megachile,Megachilidae,Megachilinae,Megachilini
Megachile ligniseca,Megachile,Megachilidae,Megachilinae,Megachilini
Megachile maritima,Megachile,Megachilidae,Megachilinae,Megachilini
Megachile melanopyga,Megachile,Megachilidae,Megachilinae,Megachilini
Megachile nigriventris,Megachile,Megachilidae,Megachilinae,Megachilini
Megachile octosignata,Megachile,Megachilidae,Megachilinae,Megachilini
Megachile parietina,Megachile,Megachilidae,Megachilinae,Megachilini
Megachile pilicrus,Megachile,Megachilidae,Megachilinae,Megachilini
Megachile pilidens,Megachile,Megachilidae,Megachilinae,Megachilini
Megachile pyrenaea,Megachile,Megachilidae,Megachilinae,Megachilini
Megachile pyrenaica,Megachile,Megachilidae,Megachilinae,Megachilini
Megachile rotundata,Megachile,Megachilidae,Megachilinae,Megachilini
Megachile rufescens,Megachile,Megachilidae,Megachilinae,Megachilini
Megachile rufescens,Megachile,Megachilidae,Megachilinae,Megachilini
Megachile schmiedeknechti,Megachile,Megachilidae,Megachilinae,Megachilini
Megachile sculpturalis,Megachile,Megachilidae,Megachilinae,Megachilini
Megachile sicula,Megachile,Megachilidae,Megachilinae,Megachilini
Megachile sicula corsica,Megachile,Megachilidae,Megachilinae,Megachilini
Megachile versicolor,Megachile,Megachilidae,Megachilinae,Megachilini
Megachile willughbiella,Megachile,Megachilidae,Megachilinae,Megachilini
Melecta albifrons,Melecta,Apidae,Nomadinae,Melectini
Melecta albifrons nigra,Melecta,Apidae,Nomadinae,Melectini
Melecta luctuosa,Melecta,Apidae,Nomadinae,Melectini
Melitta dimidiata,Melitta,Melittidae,Melittinae,
Melitta haemorrhoidalis,Melitta,Melittidae,Melittinae,
Melitta leporina,Melitta,Melittidae,Melittinae,
Melitta nigricans,Melitta,Melittidae,Melittinae,
Melitta tricincta,Melitta,Melittidae,Melittinae,
Melitturga caudata,Melitturga,Andrenidae,Panurginae,Melitturgini
Melitturga clavicornis,Melitturga,Andrenidae,Panurginae,Melitturgini
Nomada agrestis,Nomada,Apidae,Nomadinae,Nomadini
Nomada alboguttata,Nomada,Apidae,Nomadinae,Nomadini
Nomada armata,Nomada,Apidae,Nomadinae,Nomadini
Nomada baccata,Nomada,Apidae,Nomadinae,Nomadini
Nomada basalis,Nomada,Apidae,Nomadinae,Nomadini
Nomada bifasciata,Nomada,Apidae,Nomadinae,Nomadini
Nomada distinguenda,Nomada,Apidae,Nomadinae,Nomadini
Nomada duplex,Nomada,Apidae,Nomadinae,Nomadini
Nomada fabriciana,Nomada,Apidae,Nomadinae,Nomadini
Nomada femoralis,Nomada,Apidae,Nomadinae,Nomadini
Nomada ferruginata,Nomada,Apidae,Nomadinae,Nomadini
Nomada ferruginata,Nomada,Apidae,Nomadinae,Nomadini
Nomada flava,Nomada,Apidae,Nomadinae,Nomadini
Nomada flavoguttata,Nomada,Apidae,Nomadinae,Nomadini
Nomada flavopicta,Nomada,Apidae,Nomadinae,Nomadini
Nomada fucata,Nomada,Apidae,Nomadinae,Nomadini
Nomada fulvicornis,Nomada,Apidae,Nomadinae,Nomadini
Nomada fulvicornis,Nomada,Apidae,Nomadinae,Nomadini
Nomada fuscicornis,Nomada,Apidae,Nomadinae,Nomadini
Nomada goodeniana,Nomada,Apidae,Nomadinae,Nomadini
Nomada gribodoi,Nomada,Apidae,Nomadinae,Nomadini
Nomada integra,Nomada,Apidae,Nomadinae,Nomadini
Nomada lathburiana,Nomada,Apidae,Nomadinae,Nomadini
Nomada leucophthalma,Nomada,Apidae,Nomadinae,Nomadini
Nomada linsenmaieri,Nomada,Apidae,Nomadinae,Nomadini
Nomada marshamella,Nomada,Apidae,Nomadinae,Nomadini
Nomada melathoracica,Nomada,Apidae,Nomadinae,Nomadini
Nomada mocsaryi,Nomada,Apidae,Nomadinae,Nomadini
Nomada mutica,Nomada,Apidae,Nomadinae,Nomadini
Nomada nobilis,Nomada,Apidae,Nomadinae,Nomadini
Nomada obtusifrons,Nomada,Apidae,Nomadinae,Nomadini
Nomada panzeri,Nomada,Apidae,Nomadinae,Nomadini
Nomada pectoralis,Nomada,Apidae,Nomadinae,Nomadini
Nomada piccioliana,Nomada,Apidae,Nomadinae,Nomadini
Nomada roberjeotiana,Nomada,Apidae,Nomadinae,Nomadini
Nomada ruficornis,Nomada,Apidae,Nomadinae,Nomadini
Nomada rufipes,Nomada,Apidae,Nomadinae,Nomadini
Nomada sanguinea,Nomada,Apidae,Nomadinae,Nomadini
Nomada sexfasciata,Nomada,Apidae,Nomadinae,Nomadini
Nomada sheppardana,Nomada,Apidae,Nomadinae,Nomadini
Nomada signata,Nomada,Apidae,Nomadinae,Nomadini
Nomada stigma,Nomada,Apidae,Nomadinae,Nomadini
Nomada striata,Nomada,Apidae,Nomadinae,Nomadini
Nomada succincta,Nomada,Apidae,Nomadinae,Nomadini
Nomada zonata,Nomada,Apidae,Nomadinae,Nomadini
Nomiapis diversipes,Nomiapis,Halictidae,Nomiinae,
Nomioides facilis,Nomioides,Halictidae,Nomioidinae,
Nomioides minutissimus,Nomioides,Halictidae,Nomioidinae,
Osmia anceyi,Osmia,Megachilidae,Megachilinae,Osmiini
Osmia andrenoides,Osmia,Megachilidae,Megachilinae,Osmiini
Osmia argyropyga,Osmia,Megachilidae,Megachilinae,Osmiini
Osmia aurulenta,Osmia,Megachilidae,Megachilinae,Osmiini
Osmia bicolor,Osmia,Megachilidae,Megachilinae,Osmiini
Osmia bicornis,Osmia,Megachilidae,Megachilinae,Osmiini
Osmia bidentata,Osmia,Megachilidae,Megachilinae,Osmiini
Osmia brevicornis,Osmia,Megachilidae,Megachilinae,Osmiini
Osmia caerulescens,Osmia,Megachilidae,Megachilinae,Osmiini
Osmia cephalotes,Osmia,Megachilidae,Megachilinae,Osmiini
Osmia cephalotes,Osmia,Megachilidae,Megachilinae,Osmiini
Osmia cornuta,Osmia,Megachilidae,Megachilinae,Osmiini
Osmia dimidiata,Osmia,Megachilidae,Megachilinae,Osmiini
Osmia emarginata,Osmia,Megachilidae,Megachilinae,Osmiini
Osmia ferruginea,Osmia,Megachilidae,Megachilinae,Osmiini
Osmia fulviventris,Osmia,Megachilidae,Megachilinae,Osmiini
Osmia gallarum,Osmia,Megachilidae,Megachilinae,Osmiini
Osmia inermis,Osmia,Megachilidae,Megachilinae,Osmiini
Osmia latreillei,Osmia,Megachilidae,Megachilinae,Osmiini
Osmia latreillei iberoafricana,Osmia,Megachilidae,Megachilinae,Osmiini
Osmia leaiana,Osmia,Megachilidae,Megachilinae,Osmiini
Osmia ligurica,Osmia,Megachilidae,Megachilinae,Osmiini
Osmia nasoproducta,Osmia,Megachilidae,Megachilinae,Osmiini
Osmia niveata,Osmia,Megachilidae,Megachilinae,Osmiini
Osmia niveocincta,Osmia,Megachilidae,Megachilinae,Osmiini
Osmia rufohirta,Osmia,Megachilidae,Megachilinae,Osmiini
Osmia scutellaris,Osmia,Megachilidae,Megachilinae,Osmiini
Osmia signata,Osmia,Megachilidae,Megachilinae,Osmiini
Osmia spinulosa,Osmia,Megachilidae,Megachilinae,Osmiini
Osmia submicans,Osmia,Megachilidae,Megachilinae,Osmiini
Osmia tricornis,Osmia,Megachilidae,Megachilinae,Osmiini
Osmia versicolor,Osmia,Megachilidae,Megachilinae,Osmiini
Osmia xanthomelana,Osmia,Megachilidae,Megachilinae,Osmiini
Panurginus montanus,Panurginus,Andrenidae,Panurginae,Panurgini
Panurginus montanus,Panurginus,Andrenidae,Panurginae,Panurgini
Panurgus banksianus,Panurgus,Andrenidae,Panurginae,Panurgini
Panurgus calcaratus,Panurgus,Andrenidae,Panurginae,Panurgini
Panurgus canescens,Panurgus,Andrenidae,Panurginae,Panurgini
Panurgus corsicus,Panurgus,Andrenidae,Panurginae,Panurgini
Panurgus dentipes,Panurgus,Andrenidae,Panurginae,Panurgini
Pasites maculatus,Pasites,Apidae,Nomadinae,Ammobatini
Pseudoanthidium melanurum,Pseudoanthidium,Megachilidae,Megachilinae,Anthidiini
Pseudoanthidium nanum,Pseudoanthidium,Megachilidae,Megachilinae,Anthidiini
Pseudoanthidium reticulatum,Pseudoanthidium,Megachilidae,Megachilinae,Anthidiini
Pseudoanthidium scapulare,Pseudoanthidium,Megachilidae,Megachilinae,Anthidiini
Rhodanthidium infuscatum,Rhodanthidium,Megachilidae,Megachilinae,Anthidiini
Rhodanthidium septemdentatum,Rhodanthidium,Megachilidae,Megachilinae,Anthidiini
Rhodanthidium siculum,Rhodanthidium,Megachilidae,Megachilinae,Anthidiini
Rhodanthidium sticticum,Rhodanthidium,Megachilidae,Megachilinae,Anthidiini
Rhophitoides canus,Rhophitoides,Halictidae,Rophitinae,
Rophites algirus,Rophites,Halictidae,Rophitinae,
Rophites quinquespinosus,Rophites,Halictidae,Rophitinae,
Seladonia gemmea,Seladonia,Halictidae,Halictinae,Halictini
Seladonia kessleri,Seladonia,Halictidae,Halictinae,Halictini
Seladonia leucahenea arenosa,Seladonia,Halictidae,Halictinae,Halictini
Seladonia seladonia,Seladonia,Halictidae,Halictinae,Halictini
Seladonia smaragdula,Seladonia,Halictidae,Halictinae,Halictini
Seladonia subaurata,Seladonia,Halictidae,Halictinae,Halictini
Seladonia subaurata corsa,Seladonia,Halictidae,Halictinae,Halictini
Seladonia submediterranea,Seladonia,Halictidae,Halictinae,Halictini
Seladonia tumulorum,Seladonia,Halictidae,Halictinae,Halictini
Sphecodes albilabris,Sphecodes,Halictidae,Halictinae,Halictini
Sphecodes ephippius,Sphecodes,Halictidae,Halictinae,Halictini
Sphecodes gibbus,Sphecodes,Halictidae,Halictinae,Halictini
Sphecodes majalis,Sphecodes,Halictidae,Halictinae,Halictini
Sphecodes monilicornis,Sphecodes,Halictidae,Halictinae,Halictini
Sphecodes niger,Sphecodes,Halictidae,Halictinae,Halictini
Sphecodes olivieri,Sphecodes,Halictidae,Halictinae,Halictini
Sphecodes pellucidus,Sphecodes,Halictidae,Halictinae,Halictini
Sphecodes puncticeps,Sphecodes,Halictidae,Halictinae,Halictini
Sphecodes ruficrus,Sphecodes,Halictidae,Halictinae,Halictini
Stelis annulata,Stelis,Megachilidae,Megachilinae,Anthidiini
Stelis breviuscula,Stelis,Megachilidae,Megachilinae,Anthidiini
Stelis minuta,Stelis,Megachilidae,Megachilinae,Anthidiini
Stelis nasuta,Stelis,Megachilidae,Megachilinae,Anthidiini
Stelis ornatula,Stelis,Megachilidae,Megachilinae,Anthidiini
Stelis phaeoptera,Stelis,Megachilidae,Megachilinae,Anthidiini
Stelis punctulatissima,Stelis,Megachilidae,Megachilinae,Anthidiini
Stelis signata,Stelis,Megachilidae,Megachilinae,Anthidiini
Stelis simillima,Stelis,Megachilidae,Megachilinae,Anthidiini
Systropha curvicornis,Systropha,Halictidae,Rophitinae,
Systropha planidens,Systropha,Halictidae,Rophitinae,
Tetralonia malvae,Tetralonia,Apidae,Eucerinae,Eucerini
Tetraloniella alticincta,Tetraloniella,Apidae,Eucerinae,Eucerini
Tetraloniella dentata,Tetraloniella,Apidae,Eucerinae,Eucerini
Tetraloniella fulvescens,Tetraloniella,Apidae,Eucerinae,Eucerini
Tetraloniella graja,Tetraloniella,Apidae,Eucerinae,Eucerini
Tetraloniella inulae,Tetraloniella,Apidae,Eucerinae,Eucerini
Tetraloniella nana,Tetraloniella,Apidae,Eucerinae,Eucerini
Tetraloniella pollinosa,Tetraloniella,Apidae,Eucerinae,Eucerini
Tetraloniella salicariae,Tetraloniella,Apidae,Eucerinae,Eucerini
Tetraloniella strigata,Tetraloniella,Apidae,Eucerinae,Eucerini
Thyreus histrionicus,Thyreus,Apidae,Nomadinae,Melectini
Thyreus orbatus,Thyreus,Apidae,Nomadinae,Melectini
Thyreus ramosus,Thyreus,Apidae,Nomadinae,Melectini
Thyreus truncatus,Thyreus,Apidae,Nomadinae,Melectini
Trachusa byssina,Trachusa,Megachilidae,Megachilinae,Anthidiini
Trachusa integra,Trachusa,Megachilidae,Megachilinae,Anthidiini
Trachusa interrupta,Trachusa,Megachilidae,Megachilinae,Anthidiini
Trachusa laeviventris,Trachusa,Megachilidae,Megachilinae,Anthidiini
Triepeolus tristis,Triepeolus,Apidae,Nomadinae,Epeolini
Vestitohalictus pollinosus,Vestitohalictus,Halictidae,Halictinae,Halictini
Vestitohalictus vestitus,Vestitohalictus,Halictidae,Halictinae,Halictini
Xylocopa cantabrita,Xylocopa,Apidae,Xylocopinae,Xylocopini
Xylocopa iris,Xylocopa,Apidae,Xylocopinae,Xylocopini
Xylocopa valga,Xylocopa,Apidae,Xylocopinae,Xylocopini
Xylocopa violacea,Xylocopa,Apidae,Xylocopinae,Xylocopini
